<?xml version="1.0" encoding="UTF-8"?>

<RelativeLayout tools:context=".SignUpActivity" android:orientation="vertical" android:layout_height="match_parent" android:layout_width="match_parent" xmlns:tools="http://schemas.android.com/tools" xmlns:app="http://schemas.android.com/apk/res-auto" xmlns:android="http://schemas.android.com/apk/res/android">


    <LinearLayout android:orientation="vertical" android:layout_height="match_parent" android:layout_width="match_parent">


        <LinearLayout android:orientation="vertical" android:layout_height="wrap_content" android:layout_width="match_parent" android:background="@color/colorPrimary">

            <TextView android:layout_height="wrap_content" android:layout_width="wrap_content" android:layout_marginBottom="10dp" android:layout_marginTop="10dp" android:textStyle="bold" android:textSize="30dp" android:textColor="#FFFFFF" android:text="회원 가입" android:layout_gravity="center"/>

        </LinearLayout>


        <LinearLayout android:orientation="vertical" android:layout_height="match_parent" android:layout_width="match_parent">

            <EditText android:layout_height="wrap_content" android:layout_width="280dp" android:background="@color/colorPrimary" android:layout_marginTop="10dp" android:textColor="#ffffff" android:layout_gravity="center" android:drawableLeft="@drawable/ic_baseline_mail_outline_24" android:drawableStart="@drawable/ic_baseline_mail_outline_24" android:id="@+id/emailEditText" android:textColorHint="#ffffff" android:padding="10dp" android:hint=" 이메일"/>

            <EditText android:layout_height="wrap_content" android:layout_width="280dp" android:background="@color/colorPrimary" android:layout_marginTop="10dp" android:textColor="#ffffff" android:layout_gravity="center" android:drawableLeft="@drawable/ic_lock_outline_black_24dp" android:drawableStart="@drawable/ic_lock_outline_black_24dp" android:id="@+id/passwordEditText" android:textColorHint="#ffffff" android:padding="10dp" android:hint=" 비밀번호"/>

            <EditText android:layout_height="wrap_content" android:layout_width="280dp" android:background="@color/colorPrimary" android:layout_marginTop="10dp" android:textColor="#ffffff" android:layout_gravity="center" android:drawableLeft="@drawable/ic_lock_outline_black_24dp" android:drawableStart="@drawable/ic_lock_outline_black_24dp" android:id="@+id/passwordCheckEditText" android:textColorHint="#ffffff" android:padding="10dp" android:hint=" 비밀번호 확인"/>

            <LinearLayout
                android:layout_width="match_parent"
                android:layout_height="wrap_content"
                android:orientation="horizontal">

                <RadioGroup
                    android:id="@+id/radioGroup"
                    android:layout_width="match_parent"
                    android:layout_height="wrap_content"
                    android:orientation="horizontal">

                    <RadioButton
                        android:id="@+id/user"
                        android:layout_width="0dp"
                        android:layout_height="wrap_content"
                        android:layout_weight="1"
                        android:text="사용자" />

                    <RadioButton
                        android:id="@+id/rg_btn2"
                        android:layout_width="0dp"
                        android:layout_height="wrap_content"
                        android:layout_weight="1"
                        android:text="관리자 "
                        />
                </RadioGroup>
            </LinearLayout>

            <Button android:layout_height="wrap_content" android:layout_width="280dp" android:background="@color/colorPrimaryDark" android:layout_marginTop="10dp" android:textStyle="bold" android:textSize="20dp" android:textColor="#FFFFFF" android:text="가입하기" android:layout_gravity="center" android:id="@+id/signUpButton"/>

        </LinearLayout>

    </LinearLayout>

</RelativeLayout>