<?xml version="1.0" encoding="UTF-8"?>

<LinearLayout android:orientation="vertical" android:layout_height="match_parent" android:layout_width="match_parent" xmlns:tools="http://schemas.android.com/tools" xmlns:app="http://schemas.android.com/apk/res-auto" xmlns:android="http://schemas.android.com/apk/res/android">


    <LinearLayout android:orientation="horizontal" android:layout_height="wrap_content" android:layout_width="match_parent" android:layout_marginTop="5dp">

    <Button android:layout_height="wrap_content" android:layout_width="match_parent" android:layout_marginTop="8dp" android:layout_marginLeft="8dp" android:background="@color/colorPrimary" android:textSize="18dp" android:textColor="#FFFFFF" android:textStyle="bold" android:text="수강목록" android:id="@+id/courseButton" android:layout_weight="1"/>

    <Button android:layout_height="wrap_content" android:layout_width="match_parent" android:layout_marginTop="8dp" android:layout_marginLeft="8dp" android:background="@color/colorPrimary" android:textSize="18dp" android:textColor="#FFFFFF" android:textStyle="bold" android:text="시간표" android:id="@+id/scheduleButton" android:layout_weight="1"/>

    <Button android:layout_height="wrap_content" android:layout_width="match_parent" android:layout_marginTop="8dp" android:layout_marginLeft="8dp" android:background="@color/colorPrimary" android:textSize="18dp" android:textColor="#FFFFFF" android:textStyle="bold" android:text="쪽지함" android:id="@+id/messageButton" android:layout_weight="1" android:layout_marginRight="8dp"/>

    </LinearLayout>

    <FrameLayout
        android:layout_width="match_parent"
        android:layout_height="401dp">

        <LinearLayout
            android:id="@+id/notice"
            android:layout_width="match_parent"
            android:layout_height="wrap_content"
            android:orientation="vertical">

            <LinearLayout
                android:layout_width="match_parent"
                android:layout_height="200dp"
                android:layout_marginTop="8dp"
                android:background="@color/colorPrimary"
                android:orientation="vertical">

                <TextView
                    android:layout_width="wrap_content"
                    android:layout_height="74dp"
                    android:layout_gravity="center"
                    android:layout_marginTop="5dp"
                    android:text="공지사항"
                    android:textColor="#ffffff"
                    android:textSize="25dp"
                    android:textStyle="bold" />

                <Button
                    android:id="@+id/memberButton"
                    android:layout_width="match_parent"
                    android:layout_height="wrap_content"
                    android:text="학생 정보 확인" />

            </LinearLayout>


        </LinearLayout>

        <RelativeLayout
            android:id="@+id/fragment"
            android:layout_width="wrap_content"
            android:layout_height="493dp"></RelativeLayout>

    </FrameLayout>

    <LinearLayout
        android:layout_width="wrap_content"
        android:layout_height="wrap_content">

        <Button
            android:id="@+id/InfoButton"
            android:layout_width="413dp"
            android:layout_height="wrap_content"
            android:layout_gravity="center"
            android:layout_marginLeft="8dp"
            android:layout_marginTop="8dp"
            android:layout_marginBottom="8dp"
            android:layout_weight="1"
            android:background="@color/colorPrimaryDark"
            android:text="사용자 정보 수정"
            android:textColor="#ffffff"
            android:textSize="18sp"
            android:textStyle="bold" />

        <Button
            android:id="@+id/logOutButton"
            android:layout_width="425dp"
            android:layout_marginBottom="8dp"
            android:layout_height="wrap_content"
            android:layout_gravity="center"
            android:layout_marginLeft="8dp"
            android:layout_marginRight="8dp"
            android:layout_marginTop="10dp"
            android:layout_weight="1"
            android:background="@color/colorPrimaryDark"
            android:text="로그아웃"
            android:textColor="#ffffff"
            android:textSize="20dp"
            android:textStyle="bold" />
    </LinearLayout>
</LinearLayout>
