<?xml version="1.0" encoding="UTF-8"?>

<RelativeLayout tools:context=".LoginActivity" android:orientation="vertical" android:layout_height="match_parent" android:layout_width="match_parent" xmlns:tools="http://schemas.android.com/tools" xmlns:app="http://schemas.android.com/apk/res-auto" xmlns:android="http://schemas.android.com/apk/res/android">


    -<LinearLayout android:orientation="vertical" android:layout_height="match_parent" android:layout_width="match_parent">


    -<LinearLayout android:orientation="vertical" android:layout_height="225dp" android:layout_width="match_parent" android:background="@color/colorPrimary"/>


    -<LinearLayout android:orientation="vertical" android:layout_height="match_parent" android:layout_width="match_parent">

    <EditText android:layout_height="wrap_content" android:layout_width="280dp" android:background="@color/colorPrimary" android:layout_marginTop="50dp" android:layout_gravity="center" android:textColor="#ffffff" android:drawableLeft="@drawable/ic_person_black_24dp" android:drawableStart="@drawable/ic_person_black_24dp" android:id="@+id/emailEditText" android:textColorHint="#ffffff" android:padding="10dp" android:hint="이메일"/>

    <EditText android:layout_height="wrap_content" android:layout_width="280dp" android:background="@color/colorPrimary" android:layout_marginTop="10dp" android:layout_gravity="center" android:textColor="#ffffff" android:drawableLeft="@drawable/ic_lock_outline_black_24dp" android:drawableStart="@drawable/ic_lock_outline_black_24dp" android:id="@+id/passwordEditText" android:textColorHint="#ffffff" android:padding="10dp" android:hint="비밀번호" android:inputType="textPassword"/>

    <Button
        android:id="@+id/loginButton"
        android:layout_width="280dp"
        android:layout_height="wrap_content"
        android:layout_gravity="center"
        android:layout_marginTop="10dp"
        android:background="@color/colorPrimaryDark"
        android:text="로그인"
        android:textColor="#ffffff"
        android:textSize="20dp"
        android:textStyle="bold" />

    <TextView android:layout_height="wrap_content" android:layout_width="wrap_content" android:layout_marginTop="10dp" android:layout_gravity="center" android:textSize="18dp" android:text="회원가입" android:id="@+id/signUpButton"/>

</LinearLayout>

</LinearLayout>

</RelativeLayout>