<?xml version="1.0" encoding="UTF-8"?>

<FrameLayout tools:context=".ScheduleFragment" android:layout_height="match_parent" android:layout_width="match_parent" xmlns:tools="http://schemas.android.com/tools" xmlns:android="http://schemas.android.com/apk/res/android">


    <TableLayout android:layout_height="match_parent" android:layout_width="match_parent" android:layout_margin="5dp" android:orientation="vertical">


        <TableRow android:layout_height="match_parent" android:layout_width="match_parent" android:background="@color/colorPrimary">

            <com.example.myapplication.AutoResizeTextView android:layout_height="match_parent" android:layout_width="24dp" android:layout_gravity="center" android:drawableLeft="@drawable/ic_baseline_assignment_24" android:drawableStart="@drawable/ic_baseline_assignment_24" android:text=""/>

            <com.example.myapplication.AutoResizeTextView android:layout_height="match_parent" android:layout_width="24dp" android:text="월" android:textAlignment="center" android:textSize="17dp" android:textStyle="bold" android:textColor="#ffffff" android:gravity="center" android:layout_weight="3"/>

            <com.example.myapplication.AutoResizeTextView android:layout_height="match_parent" android:layout_width="24dp" android:text="화" android:textAlignment="center" android:textSize="17dp" android:textStyle="bold" android:textColor="#ffffff" android:gravity="center" android:layout_weight="3"/>

            <com.example.myapplication.AutoResizeTextView android:layout_height="match_parent" android:layout_width="24dp" android:text="수" android:textAlignment="center" android:textSize="17dp" android:textStyle="bold" android:textColor="#ffffff" android:gravity="center" android:layout_weight="3"/>

            <com.example.myapplication.AutoResizeTextView android:layout_height="match_parent" android:layout_width="24dp" android:text="목" android:textAlignment="center" android:textSize="17dp" android:textStyle="bold" android:textColor="#ffffff" android:gravity="center" android:layout_weight="3"/>

            <com.example.myapplication.AutoResizeTextView android:layout_height="match_parent" android:layout_width="24dp" android:text="금" android:textAlignment="center" android:textSize="17dp" android:textStyle="bold" android:textColor="#ffffff" android:gravity="center" android:layout_weight="3"/>

        </TableRow>


        -<TableRow android:layout_height="match_parent" android:layout_width="match_parent" android:background="@color/colorPrimaryDark" android:layout_weight="1">

        <com.example.myapplication.AutoResizeTextView android:layout_height="match_parent" android:layout_width="24dp" android:background="@color/colorPrimary" android:text="8" android:textSize="15dp" android:textStyle="bold" android:textColor="#ffffff" android:gravity="right" android:paddingRight="1dp"/>

        <com.example.myapplication.AutoResizeTextView android:layout_height="match_parent" android:layout_width="24dp" android:background="@drawable/cell_shape" android:text="월" android:textStyle="bold" android:textColor="#ffffff" android:gravity="center" android:layout_weight="3" android:padding="2dp" android:id="@+id/monday0"/>

        <com.example.myapplication.AutoResizeTextView android:layout_height="match_parent" android:layout_width="24dp" android:background="@drawable/cell_shape" android:text="화" android:textStyle="bold" android:textColor="#ffffff" android:gravity="center" android:layout_weight="3" android:padding="2dp" android:id="@+id/tuesday0"/>

        <com.example.myapplication.AutoResizeTextView android:layout_height="match_parent" android:layout_width="24dp" android:background="@drawable/cell_shape" android:text="수" android:textStyle="bold" android:textColor="#ffffff" android:gravity="center" android:layout_weight="3" android:padding="2dp" android:id="@+id/wednesday0"/>

        <com.example.myapplication.AutoResizeTextView android:layout_height="match_parent" android:layout_width="24dp" android:background="@drawable/cell_shape" android:text="목" android:textStyle="bold" android:textColor="#ffffff" android:gravity="center" android:layout_weight="3" android:padding="2dp" android:id="@+id/thursday0"/>

        <com.example.myapplication.AutoResizeTextView android:layout_height="match_parent" android:layout_width="24dp" android:background="@drawable/cell_shape" android:text="금" android:textStyle="bold" android:textColor="#ffffff" android:gravity="center" android:layout_weight="3" android:padding="2dp" android:id="@+id/friday0"/>

    </TableRow>


        -<TableRow android:layout_height="match_parent" android:layout_width="match_parent" android:background="@color/colorPrimaryDark" android:layout_weight="1">

        <com.example.myapplication.AutoResizeTextView android:layout_height="match_parent" android:layout_width="24dp" android:background="@color/colorPrimary" android:text="9" android:textSize="15dp" android:textStyle="bold" android:textColor="#ffffff" android:gravity="right" android:paddingRight="1dp"/>

        <com.example.myapplication.AutoResizeTextView android:layout_height="match_parent" android:layout_width="24dp" android:background="@drawable/cell_shape" android:text="월" android:textStyle="bold" android:textColor="#ffffff" android:gravity="center" android:layout_weight="3" android:padding="2dp" android:id="@+id/monday1"/>

        <com.example.myapplication.AutoResizeTextView android:layout_height="match_parent" android:layout_width="24dp" android:background="@drawable/cell_shape" android:text="화" android:textStyle="bold" android:textColor="#ffffff" android:gravity="center" android:layout_weight="3" android:padding="2dp" android:id="@+id/tuesday1"/>

        <com.example.myapplication.AutoResizeTextView android:layout_height="match_parent" android:layout_width="24dp" android:background="@drawable/cell_shape" android:text="수" android:textStyle="bold" android:textColor="#ffffff" android:gravity="center" android:layout_weight="3" android:padding="2dp" android:id="@+id/wednesday1"/>

        <com.example.myapplication.AutoResizeTextView android:layout_height="match_parent" android:layout_width="24dp" android:background="@drawable/cell_shape" android:text="목" android:textStyle="bold" android:textColor="#ffffff" android:gravity="center" android:layout_weight="3" android:padding="2dp" android:id="@+id/thursday1"/>

        <com.example.myapplication.AutoResizeTextView android:layout_height="match_parent" android:layout_width="24dp" android:background="@drawable/cell_shape" android:text="금" android:textStyle="bold" android:textColor="#ffffff" android:gravity="center" android:layout_weight="3" android:padding="2dp" android:id="@+id/friday1"/>

    </TableRow>


        -<TableRow android:layout_height="match_parent" android:layout_width="match_parent" android:background="@color/colorPrimaryDark" android:layout_weight="1">

        <com.example.myapplication.AutoResizeTextView android:layout_height="match_parent" android:layout_width="24dp" android:background="@color/colorPrimary" android:text="10" android:textSize="15dp" android:textStyle="bold" android:textColor="#ffffff" android:gravity="right" android:paddingRight="1dp"/>

        <com.example.myapplication.AutoResizeTextView android:layout_height="match_parent" android:layout_width="24dp" android:background="@drawable/cell_shape" android:text="월" android:textStyle="bold" android:textColor="#ffffff" android:gravity="center" android:layout_weight="3" android:padding="2dp" android:id="@+id/monday2"/>

        <com.example.myapplication.AutoResizeTextView android:layout_height="match_parent" android:layout_width="24dp" android:background="@drawable/cell_shape" android:text="화" android:textStyle="bold" android:textColor="#ffffff" android:gravity="center" android:layout_weight="3" android:padding="2dp" android:id="@+id/tuesday2"/>

        <com.example.myapplication.AutoResizeTextView android:layout_height="match_parent" android:layout_width="24dp" android:background="@drawable/cell_shape" android:text="수" android:textStyle="bold" android:textColor="#ffffff" android:gravity="center" android:layout_weight="3" android:padding="2dp" android:id="@+id/wednesday2"/>

        <com.example.myapplication.AutoResizeTextView android:layout_height="match_parent" android:layout_width="24dp" android:background="@drawable/cell_shape" android:text="목" android:textStyle="bold" android:textColor="#ffffff" android:gravity="center" android:layout_weight="3" android:padding="2dp" android:id="@+id/thursday2"/>

        <com.example.myapplication.AutoResizeTextView android:layout_height="match_parent" android:layout_width="24dp" android:background="@drawable/cell_shape" android:text="금" android:textStyle="bold" android:textColor="#ffffff" android:gravity="center" android:layout_weight="3" android:padding="2dp" android:id="@+id/friday2"/>

    </TableRow>


        -<TableRow android:layout_height="match_parent" android:layout_width="match_parent" android:background="@color/colorPrimaryDark" android:layout_weight="1">

        <com.example.myapplication.AutoResizeTextView android:layout_height="match_parent" android:layout_width="24dp" android:background="@color/colorPrimary" android:text="11" android:textSize="15dp" android:textStyle="bold" android:textColor="#ffffff" android:gravity="right" android:paddingRight="1dp"/>

        <com.example.myapplication.AutoResizeTextView android:layout_height="match_parent" android:layout_width="24dp" android:background="@drawable/cell_shape" android:text="월" android:textStyle="bold" android:textColor="#ffffff" android:gravity="center" android:layout_weight="3" android:padding="2dp" android:id="@+id/monday3"/>

        <com.example.myapplication.AutoResizeTextView android:layout_height="match_parent" android:layout_width="24dp" android:background="@drawable/cell_shape" android:text="화" android:textStyle="bold" android:textColor="#ffffff" android:gravity="center" android:layout_weight="3" android:padding="2dp" android:id="@+id/tuesday3"/>

        <com.example.myapplication.AutoResizeTextView android:layout_height="match_parent" android:layout_width="24dp" android:background="@drawable/cell_shape" android:text="수" android:textStyle="bold" android:textColor="#ffffff" android:gravity="center" android:layout_weight="3" android:padding="2dp" android:id="@+id/wednesday3"/>

        <com.example.myapplication.AutoResizeTextView android:layout_height="match_parent" android:layout_width="24dp" android:background="@drawable/cell_shape" android:text="목" android:textStyle="bold" android:textColor="#ffffff" android:gravity="center" android:layout_weight="3" android:padding="2dp" android:id="@+id/thursday3"/>

        <com.example.myapplication.AutoResizeTextView android:layout_height="match_parent" android:layout_width="24dp" android:background="@drawable/cell_shape" android:text="금" android:textStyle="bold" android:textColor="#ffffff" android:gravity="center" android:layout_weight="3" android:padding="2dp" android:id="@+id/friday3"/>

    </TableRow>


        -<TableRow android:layout_height="match_parent" android:layout_width="match_parent" android:background="@color/colorPrimaryDark" android:layout_weight="1">

        <com.example.myapplication.AutoResizeTextView android:layout_height="match_parent" android:layout_width="24dp" android:background="@color/colorPrimary" android:text="12" android:textSize="15dp" android:textStyle="bold" android:textColor="#ffffff" android:gravity="right" android:paddingRight="1dp"/>

        <com.example.myapplication.AutoResizeTextView android:layout_height="match_parent" android:layout_width="24dp" android:background="@drawable/cell_shape" android:text="월" android:textStyle="bold" android:textColor="#ffffff" android:gravity="center" android:layout_weight="3" android:padding="2dp" android:id="@+id/monday4"/>

        <com.example.myapplication.AutoResizeTextView android:layout_height="match_parent" android:layout_width="24dp" android:background="@drawable/cell_shape" android:text="화" android:textStyle="bold" android:textColor="#ffffff" android:gravity="center" android:layout_weight="3" android:padding="2dp" android:id="@+id/tuesday4"/>

        <com.example.myapplication.AutoResizeTextView android:layout_height="match_parent" android:layout_width="24dp" android:background="@drawable/cell_shape" android:text="수" android:textStyle="bold" android:textColor="#ffffff" android:gravity="center" android:layout_weight="3" android:padding="2dp" android:id="@+id/wednesday4"/>

        <com.example.myapplication.AutoResizeTextView android:layout_height="match_parent" android:layout_width="24dp" android:background="@drawable/cell_shape" android:text="목" android:textStyle="bold" android:textColor="#ffffff" android:gravity="center" android:layout_weight="3" android:padding="2dp" android:id="@+id/thursday4"/>

        <com.example.myapplication.AutoResizeTextView android:layout_height="match_parent" android:layout_width="24dp" android:background="@drawable/cell_shape" android:text="금" android:textStyle="bold" android:textColor="#ffffff" android:gravity="center" android:layout_weight="3" android:padding="2dp" android:id="@+id/friday4"/>

    </TableRow>


        -<TableRow android:layout_height="match_parent" android:layout_width="match_parent" android:background="@color/colorPrimaryDark" android:layout_weight="1">

        <com.example.myapplication.AutoResizeTextView android:layout_height="match_parent" android:layout_width="24dp" android:background="@color/colorPrimary" android:text="1" android:textSize="15dp" android:textStyle="bold" android:textColor="#ffffff" android:gravity="right" android:paddingRight="1dp"/>

        <com.example.myapplication.AutoResizeTextView android:layout_height="match_parent" android:layout_width="24dp" android:background="@drawable/cell_shape" android:text="월" android:textStyle="bold" android:textColor="#ffffff" android:gravity="center" android:layout_weight="3" android:padding="2dp" android:id="@+id/monday5"/>

        <com.example.myapplication.AutoResizeTextView android:layout_height="match_parent" android:layout_width="24dp" android:background="@drawable/cell_shape" android:text="화" android:textStyle="bold" android:textColor="#ffffff" android:gravity="center" android:layout_weight="3" android:padding="2dp" android:id="@+id/tuesday5"/>

        <com.example.myapplication.AutoResizeTextView android:layout_height="match_parent" android:layout_width="24dp" android:background="@drawable/cell_shape" android:text="수" android:textStyle="bold" android:textColor="#ffffff" android:gravity="center" android:layout_weight="3" android:padding="2dp" android:id="@+id/wednesday5"/>

        <com.example.myapplication.AutoResizeTextView android:layout_height="match_parent" android:layout_width="24dp" android:background="@drawable/cell_shape" android:text="목" android:textStyle="bold" android:textColor="#ffffff" android:gravity="center" android:layout_weight="3" android:padding="2dp" android:id="@+id/thursday5"/>

        <com.example.myapplication.AutoResizeTextView android:layout_height="match_parent" android:layout_width="24dp" android:background="@drawable/cell_shape" android:text="금" android:textStyle="bold" android:textColor="#ffffff" android:gravity="center" android:layout_weight="3" android:padding="2dp" android:id="@+id/friday5"/>

    </TableRow>


        -<TableRow android:layout_height="match_parent" android:layout_width="match_parent" android:background="@color/colorPrimaryDark" android:layout_weight="1">

        <com.example.myapplication.AutoResizeTextView android:layout_height="match_parent" android:layout_width="24dp" android:background="@color/colorPrimary" android:text="2" android:textSize="15dp" android:textStyle="bold" android:textColor="#ffffff" android:gravity="right" android:paddingRight="1dp"/>

        <com.example.myapplication.AutoResizeTextView android:layout_height="match_parent" android:layout_width="24dp" android:background="@drawable/cell_shape" android:text="월" android:textStyle="bold" android:textColor="#ffffff" android:gravity="center" android:layout_weight="3" android:padding="2dp" android:id="@+id/monday6"/>

        <com.example.myapplication.AutoResizeTextView android:layout_height="match_parent" android:layout_width="24dp" android:background="@drawable/cell_shape" android:text="화" android:textStyle="bold" android:textColor="#ffffff" android:gravity="center" android:layout_weight="3" android:padding="2dp" android:id="@+id/tuesday6"/>

        <com.example.myapplication.AutoResizeTextView android:layout_height="match_parent" android:layout_width="24dp" android:background="@drawable/cell_shape" android:text="수" android:textStyle="bold" android:textColor="#ffffff" android:gravity="center" android:layout_weight="3" android:padding="2dp" android:id="@+id/wednesday6"/>

        <com.example.myapplication.AutoResizeTextView android:layout_height="match_parent" android:layout_width="24dp" android:background="@drawable/cell_shape" android:text="목" android:textStyle="bold" android:textColor="#ffffff" android:gravity="center" android:layout_weight="3" android:padding="2dp" android:id="@+id/thursday6"/>

        <com.example.myapplication.AutoResizeTextView android:layout_height="match_parent" android:layout_width="24dp" android:background="@drawable/cell_shape" android:text="금" android:textStyle="bold" android:textColor="#ffffff" android:gravity="center" android:layout_weight="3" android:padding="2dp" android:id="@+id/friday6"/>

    </TableRow>


        -<TableRow android:layout_height="match_parent" android:layout_width="match_parent" android:background="@color/colorPrimaryDark" android:layout_weight="1">

        <com.example.myapplication.AutoResizeTextView android:layout_height="match_parent" android:layout_width="24dp" android:background="@color/colorPrimary" android:text="3" android:textSize="15dp" android:textStyle="bold" android:textColor="#ffffff" android:gravity="right" android:paddingRight="1dp"/>

        <com.example.myapplication.AutoResizeTextView android:layout_height="match_parent" android:layout_width="24dp" android:background="@drawable/cell_shape" android:text="월" android:textStyle="bold" android:textColor="#ffffff" android:gravity="center" android:layout_weight="3" android:padding="2dp" android:id="@+id/monday7"/>

        <com.example.myapplication.AutoResizeTextView android:layout_height="match_parent" android:layout_width="24dp" android:background="@drawable/cell_shape" android:text="화" android:textStyle="bold" android:textColor="#ffffff" android:gravity="center" android:layout_weight="3" android:padding="2dp" android:id="@+id/tuesday7"/>

        <com.example.myapplication.AutoResizeTextView android:layout_height="match_parent" android:layout_width="24dp" android:background="@drawable/cell_shape" android:text="수" android:textStyle="bold" android:textColor="#ffffff" android:gravity="center" android:layout_weight="3" android:padding="2dp" android:id="@+id/wednesday7"/>

        <com.example.myapplication.AutoResizeTextView android:layout_height="match_parent" android:layout_width="24dp" android:background="@drawable/cell_shape" android:text="목" android:textStyle="bold" android:textColor="#ffffff" android:gravity="center" android:layout_weight="3" android:padding="2dp" android:id="@+id/thursday7"/>

        <com.example.myapplication.AutoResizeTextView android:layout_height="match_parent" android:layout_width="24dp" android:background="@drawable/cell_shape" android:text="금" android:textStyle="bold" android:textColor="#ffffff" android:gravity="center" android:layout_weight="3" android:padding="2dp" android:id="@+id/friday7"/>

    </TableRow>


        -<TableRow android:layout_height="match_parent" android:layout_width="match_parent" android:background="@color/colorPrimaryDark" android:layout_weight="1">

        <com.example.myapplication.AutoResizeTextView android:layout_height="match_parent" android:layout_width="24dp" android:background="@color/colorPrimary" android:text="4" android:textSize="15dp" android:textStyle="bold" android:textColor="#ffffff" android:gravity="right" android:paddingRight="1dp"/>

        <com.example.myapplication.AutoResizeTextView android:layout_height="match_parent" android:layout_width="24dp" android:background="@drawable/cell_shape" android:text="월" android:textStyle="bold" android:textColor="#ffffff" android:gravity="center" android:layout_weight="3" android:padding="2dp" android:id="@+id/monday8"/>

        <com.example.myapplication.AutoResizeTextView android:layout_height="match_parent" android:layout_width="24dp" android:background="@drawable/cell_shape" android:text="화" android:textStyle="bold" android:textColor="#ffffff" android:gravity="center" android:layout_weight="3" android:padding="2dp" android:id="@+id/tuesday8"/>

        <com.example.myapplication.AutoResizeTextView android:layout_height="match_parent" android:layout_width="24dp" android:background="@drawable/cell_shape" android:text="수" android:textStyle="bold" android:textColor="#ffffff" android:gravity="center" android:layout_weight="3" android:padding="2dp" android:id="@+id/wednesday8"/>

        <com.example.myapplication.AutoResizeTextView android:layout_height="match_parent" android:layout_width="24dp" android:background="@drawable/cell_shape" android:text="목" android:textStyle="bold" android:textColor="#ffffff" android:gravity="center" android:layout_weight="3" android:padding="2dp" android:id="@+id/thursday8"/>

        <com.example.myapplication.AutoResizeTextView android:layout_height="match_parent" android:layout_width="24dp" android:background="@drawable/cell_shape" android:text="금" android:textStyle="bold" android:textColor="#ffffff" android:gravity="center" android:layout_weight="3" android:padding="2dp" android:id="@+id/friday8"/>

    </TableRow>


        -<TableRow android:layout_height="match_parent" android:layout_width="match_parent" android:background="@color/colorPrimaryDark" android:layout_weight="1">

        <com.example.myapplication.AutoResizeTextView android:layout_height="match_parent" android:layout_width="24dp" android:background="@color/colorPrimary" android:text="5" android:textSize="15dp" android:textStyle="bold" android:textColor="#ffffff" android:gravity="right" android:paddingRight="1dp"/>

        <com.example.myapplication.AutoResizeTextView android:layout_height="match_parent" android:layout_width="24dp" android:background="@drawable/cell_shape" android:text="월" android:textStyle="bold" android:textColor="#ffffff" android:gravity="center" android:layout_weight="3" android:padding="2dp" android:id="@+id/monday9"/>

        <com.example.myapplication.AutoResizeTextView android:layout_height="match_parent" android:layout_width="24dp" android:background="@drawable/cell_shape" android:text="화" android:textStyle="bold" android:textColor="#ffffff" android:gravity="center" android:layout_weight="3" android:padding="2dp" android:id="@+id/tuesday9"/>

        <com.example.myapplication.AutoResizeTextView android:layout_height="match_parent" android:layout_width="24dp" android:background="@drawable/cell_shape" android:text="수" android:textStyle="bold" android:textColor="#ffffff" android:gravity="center" android:layout_weight="3" android:padding="2dp" android:id="@+id/wednesday9"/>

        <com.example.myapplication.AutoResizeTextView android:layout_height="match_parent" android:layout_width="24dp" android:background="@drawable/cell_shape" android:text="목" android:textStyle="bold" android:textColor="#ffffff" android:gravity="center" android:layout_weight="3" android:padding="2dp" android:id="@+id/thursday9"/>

        <com.example.myapplication.AutoResizeTextView android:layout_height="match_parent" android:layout_width="24dp" android:background="@drawable/cell_shape" android:text="금" android:textStyle="bold" android:textColor="#ffffff" android:gravity="center" android:layout_weight="3" android:padding="2dp" android:id="@+id/friday9"/>

    </TableRow>


        -<TableRow android:layout_height="match_parent" android:layout_width="match_parent" android:background="@color/colorPrimaryDark" android:layout_weight="1">

        <com.example.myapplication.AutoResizeTextView android:layout_height="match_parent" android:layout_width="24dp" android:background="@color/colorPrimary" android:text="6" android:textSize="15dp" android:textStyle="bold" android:textColor="#ffffff" android:gravity="right" android:paddingRight="1dp"/>

        <com.example.myapplication.AutoResizeTextView android:layout_height="match_parent" android:layout_width="24dp" android:background="@drawable/cell_shape" android:text="월" android:textStyle="bold" android:textColor="#ffffff" android:gravity="center" android:layout_weight="3" android:padding="2dp" android:id="@+id/monday10"/>

        <com.example.myapplication.AutoResizeTextView android:layout_height="match_parent" android:layout_width="24dp" android:background="@drawable/cell_shape" android:text="화" android:textStyle="bold" android:textColor="#ffffff" android:gravity="center" android:layout_weight="3" android:padding="2dp" android:id="@+id/tuesday10"/>

        <com.example.myapplication.AutoResizeTextView android:layout_height="match_parent" android:layout_width="24dp" android:background="@drawable/cell_shape" android:text="수" android:textStyle="bold" android:textColor="#ffffff" android:gravity="center" android:layout_weight="3" android:padding="2dp" android:id="@+id/wednesday10"/>

        <com.example.myapplication.AutoResizeTextView android:layout_height="match_parent" android:layout_width="24dp" android:background="@drawable/cell_shape" android:text="목" android:textStyle="bold" android:textColor="#ffffff" android:gravity="center" android:layout_weight="3" android:padding="2dp" android:id="@+id/thursday10"/>

        <com.example.myapplication.AutoResizeTextView android:layout_height="match_parent" android:layout_width="24dp" android:background="@drawable/cell_shape" android:text="금" android:textStyle="bold" android:textColor="#ffffff" android:gravity="center" android:layout_weight="3" android:padding="2dp" android:id="@+id/friday10"/>

    </TableRow>


        -<TableRow android:layout_height="match_parent" android:layout_width="match_parent" android:background="@color/colorPrimaryDark" android:layout_weight="1">

        <com.example.myapplication.AutoResizeTextView android:layout_height="match_parent" android:layout_width="24dp" android:background="@color/colorPrimary" android:text="7" android:textSize="15dp" android:textStyle="bold" android:textColor="#ffffff" android:gravity="right" android:paddingRight="1dp"/>

        <com.example.myapplication.AutoResizeTextView android:layout_height="match_parent" android:layout_width="24dp" android:background="@drawable/cell_shape" android:text="월" android:textStyle="bold" android:textColor="#ffffff" android:gravity="center" android:layout_weight="3" android:padding="2dp" android:id="@+id/monday11"/>

        <com.example.myapplication.AutoResizeTextView android:layout_height="match_parent" android:layout_width="24dp" android:background="@drawable/cell_shape" android:text="화" android:textStyle="bold" android:textColor="#ffffff" android:gravity="center" android:layout_weight="3" android:padding="2dp" android:id="@+id/tuesday11"/>

        <com.example.myapplication.AutoResizeTextView android:layout_height="match_parent" android:layout_width="24dp" android:background="@drawable/cell_shape" android:text="수" android:textStyle="bold" android:textColor="#ffffff" android:gravity="center" android:layout_weight="3" android:padding="2dp" android:id="@+id/wednesday11"/>

        <com.example.myapplication.AutoResizeTextView android:layout_height="match_parent" android:layout_width="24dp" android:background="@drawable/cell_shape" android:text="목" android:textStyle="bold" android:textColor="#ffffff" android:gravity="center" android:layout_weight="3" android:padding="2dp" android:id="@+id/thursday11"/>

        <com.example.myapplication.AutoResizeTextView android:layout_height="match_parent" android:layout_width="24dp" android:background="@drawable/cell_shape" android:text="금" android:textStyle="bold" android:textColor="#ffffff" android:gravity="center" android:layout_weight="3" android:padding="2dp" android:id="@+id/friday11"/>

    </TableRow>


        -<TableRow android:layout_height="match_parent" android:layout_width="match_parent" android:background="@color/colorPrimaryDark" android:layout_weight="1">

        <com.example.myapplication.AutoResizeTextView android:layout_height="match_parent" android:layout_width="24dp" android:background="@color/colorPrimary" android:text="8" android:textSize="15dp" android:textStyle="bold" android:textColor="#ffffff" android:gravity="right" android:paddingRight="1dp"/>

        <com.example.myapplication.AutoResizeTextView android:layout_height="match_parent" android:layout_width="24dp" android:background="@drawable/cell_shape" android:text="월" android:textStyle="bold" android:textColor="#ffffff" android:gravity="center" android:layout_weight="3" android:padding="2dp" android:id="@+id/monday12"/>

        <com.example.myapplication.AutoResizeTextView android:layout_height="match_parent" android:layout_width="24dp" android:background="@drawable/cell_shape" android:text="화" android:textStyle="bold" android:textColor="#ffffff" android:gravity="center" android:layout_weight="3" android:padding="2dp" android:id="@+id/tuesday12"/>

        <com.example.myapplication.AutoResizeTextView android:layout_height="match_parent" android:layout_width="24dp" android:background="@drawable/cell_shape" android:text="수" android:textStyle="bold" android:textColor="#ffffff" android:gravity="center" android:layout_weight="3" android:id="@+id/wednesday12"/>

        <com.example.myapplication.AutoResizeTextView android:layout_height="match_parent" android:layout_width="24dp" android:background="@drawable/cell_shape" android:text="목" android:textStyle="bold" android:textColor="#ffffff" android:gravity="center" android:layout_weight="3" android:padding="2dp" android:id="@+id/thursday12"/>

        <com.example.myapplication.AutoResizeTextView android:layout_height="match_parent" android:layout_width="24dp" android:background="@drawable/cell_shape" android:text="금" android:textStyle="bold" android:textColor="#ffffff" android:gravity="center" android:layout_weight="3" android:padding="2dp" android:id="@+id/friday12"/>

    </TableRow>


        -<TableRow android:layout_height="match_parent" android:layout_width="match_parent" android:background="@color/colorPrimaryDark" android:layout_weight="1">

        <com.example.myapplication.AutoResizeTextView android:layout_height="match_parent" android:layout_width="24dp" android:background="@color/colorPrimary" android:text="9" android:textSize="15dp" android:textStyle="bold" android:textColor="#ffffff" android:gravity="right" android:paddingRight="1dp"/>

        <com.example.myapplication.AutoResizeTextView android:layout_height="match_parent" android:layout_width="24dp" android:background="@drawable/cell_shape" android:text="월" android:textStyle="bold" android:textColor="#ffffff" android:gravity="center" android:layout_weight="3" android:padding="2dp" android:id="@+id/monday13"/>

        <com.example.myapplication.AutoResizeTextView android:layout_height="match_parent" android:layout_width="24dp" android:background="@drawable/cell_shape" android:text="화" android:textStyle="bold" android:textColor="#ffffff" android:gravity="center" android:layout_weight="3" android:padding="2dp" android:id="@+id/tuesday13"/>

        <com.example.myapplication.AutoResizeTextView android:layout_height="match_parent" android:layout_width="24dp" android:background="@drawable/cell_shape" android:text="수" android:textStyle="bold" android:textColor="#ffffff" android:gravity="center" android:layout_weight="3" android:padding="2dp" android:id="@+id/wednesday13"/>

        <com.example.myapplication.AutoResizeTextView android:layout_height="match_parent" android:layout_width="24dp" android:background="@drawable/cell_shape" android:text="목" android:textStyle="bold" android:textColor="#ffffff" android:gravity="center" android:layout_weight="3" android:padding="2dp" android:id="@+id/thursday13"/>

        <com.example.myapplication.AutoResizeTextView android:layout_height="match_parent" android:layout_width="24dp" android:background="@drawable/cell_shape" android:text="금" android:textStyle="bold" android:textColor="#ffffff" android:gravity="center" android:layout_weight="3" android:padding="2dp" android:id="@+id/friday13"/>

    </TableRow>

    </TableLayout>

</FrameLayout>